"Variable / Field Name","Form Name","Section Header","Field Type","Field Label","Choices, Calculations, OR Slider Labels","Field Note","Text Validation Type OR Show Slider Number","Text Validation Min","Text Validation Max",Identifier?,"Branching Logic (Show field only if...)","Required Field?","Custom Alignment","Question Number (surveys only)","Matrix Group Name","Matrix Ranking?","Field Annotation"
uid,mc_samples,,text,"Record ID",,,,,,,,,LV,,,,
villageid,mc_samples,,text,"1. Village number",,,,,,,,,LV,,,,
houseid,mc_samples,,text,"2. Household number",,,,,,,,,LV,,,,
subjid,mc_samples,,text,"3. Participant number",,,,,,,,,LV,,,,
visdat,mc_samples,,text,"4. Date of interview",,,date_dmy,,,,,,LV,,,,
rdt_yn,mc_samples,,yesno,"A1. Was an RDT done?",,,,,,,,,LV,,,,
rdt_rad,mc_samples,,radio,"A1.1. RDT result","0, Negative | 1, Pf | 2, Pv | 3, Pf + Pv",,,,,,"[rdt_yn] = '1'",,LV,,,,
hgb_yn,mc_samples,,yesno,"A2. Was hemoglobin measured?",,,,,,,,,LV,,,,
hgb,mc_samples,,text,"A2.1  Hemoglobin (g/dl)",,,number_1dp,,,,"[hgb_yn] = '1'",,LV,,,,
samplefilt_rad,mc_samples,"B. Samples collected",radio,"B1. Blood spot","1, Yes | 0, No",,,,,,,y,LV,,samples,,
samplesmear_rad,mc_samples,,radio,"B2. Blood smear","1, Yes | 0, No",,,,,,,y,LV,,samples,,
samplevette_rad,mc_samples,,radio,"B3. Microvette","1, Yes | 0, No",,,,,,,y,LV,,samples,,
samplevac_rad,mc_samples,,radio,"B4. Vacutainer","1, Yes | 0, No",,,,,,,y,LV,,samples,,
notes,mc_samples,"Notes & Personnel",notes,"Remarks about the sample collection",,,,,,,,,LV,,,,
collectorsig,mc_samples,,text,"Sample collected by
",,,,,,,,,LV,,,,
collectorsigdate,mc_samples,,text,Date,,,date_dmy,,,,,,LV,,,,
