﻿"Variable / Field Name","Form Name","Section Header","Field Type","Field Label","Choices, Calculations, OR Slider Labels","Field Note","Text Validation Type OR Show Slider Number","Text Validation Min","Text Validation Max",Identifier?,"Branching Logic (Show field only if...)","Required Field?","Custom Alignment","Question Number (surveys only)","Matrix Group Name","Matrix Ranking?","Field Annotation"
uid,premc,,text,"Record ID",,,,,,,,,LV,,,,
visdat,premc,,text,"1. Date of interview",,,date_dmy,,,,,,LV,,,,
villageid,premc,,text,"2. Village number",,,integer,,,,,,LV,,,,
houseid,premc,,text,"3. Household number",,,,,,,,,LV,,,," @HIDDEN"
subjid,premc,,text,"4. Participant number",,,,,,,,,LV,,,,
composite,premc,,yesno,"<div class=""rich-text-field-label""><p style=""text-align: left;"">The composite ID is [villageid]_[subjid]</p> <div class=""rich-text-field-label""> <p style=""text-align: left;"">Does this match the Record ID on the individual's blue participant card?</p> </div></div>",,,,,,,,,LV,,,,
bad_id,premc,,descriptive,"There is an error.  Before continuing, please make sure that the Record ID, the Village number, and the Participant number entered here are the same as what is on the blue participant card.  ",,,,,,,"[composite] = '0'",,LV,,,,
age,premc,"Part  A: Demographics",text,"A1. How old are you (is this child)?",,,,,,,"[composite] = '1'",,LV,,,,
relatetochild_rad,premc,,radio,"A2. What is your relationship to this child?","1, Self | 2, Parent | 3, Grandparent | 4, Aunt or uncle | 5, Brother or sister | 6, Other",,,,,,"[composite] = '1' and [age]  < 18",,LV,,,,
relatetochildother,premc,,text,"A2.1 Specify other relationship",,,,,,,"[composite] = '1' and [relatetochild_rad] = '6'",,LV,,,,
occupantsnum,premc,,text,"A3. How many people are in your household?",,,integer,,,,"[composite] = '1'",,LV,,,,
respondentsex,premc,,radio,"A4. Are you (Is this child) male, or female?","1, Male | 2, Female | 88, DK | 99, Refused",,,,,,"[composite] = '1'",,LV,,,,
edulevel_rad,premc,,radio,"A5. What is your (this child's) highest level of education?","1, No schooling | 2, Below primary | 3, Primary (1-5) | 4, Middle (6-8) | 5, Secondary/matric (class X) | 6, Higher Secondary (class XII) | 7, Graduate | 8, Post graduate | 9, Diploma | 10, Other| 88, DK | 99, Refused",,,,,,"[composite] = '1'",,LV,,,,
edulevelother,premc,,text,"A5.1. Specify other education level",,,,,,,"[composite] = '1' and [edulevel_rad] = '10'",,LV,,,,
occupation_rad,premc,,radio,"A6. What is your (this child's) usual occupation?","1, Cultivator (independent farmer) |  2, Agricultural laborer |  3, Daily wage/labor |  4, Salaried service |  5, Self-employed/trade |  6, Housewife |  7, Student |  8, Child, not schooling |  9, None |  10, Other | 88, DK | 99, Refused",,,,,,"[composite] = '1'",,LV,,,,
occupationother,premc,,text,"A6.1. Specify other occupation",,,,,,,"[composite] = '1' and [occupation_rad] = '10'",,LV,,,,
sleepout_rad,premc,,radio,"A7. Do you (Does this child) sleep outside at night for any reason?","0, No | 1, Yes | 88, DK | 99, Refused",,,,,,"[composite] = '1'",,LV,,,,
sleepoutnet_rad,premc,,radio,"A8. When you (this child) sleep outside at night, do you (does this child) sleep under an insecticide-treated bed net?","0, No | 1, Yes | 88, DK | 99, Refused",,,,,,"[composite] = '1' and [sleepout_rad] = '1'",,LV,,,,
fever48_rad,premc,,radio,"A9. Have you had a fever in the last 48 hours?","0, No | 1, Yes | 88, DK | 99, Refused",,,,,,"[composite] = '1'",,LV,,,,
covidfever_rad,premc,,radio,"A10. Have you had a fever since March 1, 2020?","0, No | 1, Yes | 88, DK | 99, Refused",,,,,,"[composite] = '1'",,LV,,,,
covidcough_rad,premc,,radio,"A11. Since March 1, 2020, have you had a dry cough and/or shortness of breath? ","0, No | 1, Yes | 88, DK | 99, Refused",,,,,,"[composite] = '1'",,LV,,,,
covidsmell_rad,premc,,radio,"A12. Since March 1, 2020, have you had loss of sense of smell and/or taste?","0, No | 1, Yes | 88, DK | 99, Refused",,,,,,"[composite] = '1'",,LV,,,,
covidknowledge_rad,premc,,radio,"A13. Have you heard of COVID-19, novel coronavirus, or SARS-CoV-2?","0, No | 1, Yes | 88, DK | 99, Refused",,,,,,"[composite] = '1'",,LV,,,,
covidselfreport_rad,premc,,radio,"A14. Since March 1, 2020, do you think you have had COVID-19 / novel coronavirus / SARS-CoV-2?","0, No | 1, Yes | 88, DK | 99, Refused",,,,,,"[composite] = '1'",,LV,,,,
knowmsigns_rad,premc,"Part B: Malaria knowledge",radio,"B1. Do you know the signs and symptoms of malaria?","0, No | 1, Yes | 88, DK | 99, Refused",,,,,,"[composite] = '1' and [age] >= 17",,LV,,,,
msign_fever_yn,premc,"What are they? (Do not prompt)",radio,"B2.1. Fever mentioned","1, Yes | 0, No",,,,,,"[composite] = '1' and [knowmsigns_rad] = '1'",,,,msigns,,
msign_headache_yn,premc,,radio,"B2.2. Headache mentioned","1, Yes | 0, No",,,,,,"[composite] = '1' and [knowmsigns_rad] = '1'",,,,msigns,,
msignother_yn,premc,,radio,"B2.3. Any other mentioned","1, Yes | 0, No",,,,,,"[composite] = '1' and [knowmsigns_rad] = '1'",,,,msigns,,
msign_ifother,premc,,text,"B2.3.1. Specify other signs or symptoms mentioned",,,,,,,"[composite] = '1' and [msignother_yn] = '1'",,LV,,,,
mever_rad,premc,"Part C. Malaria, last episode",radio,"C1. Have you (Has this child) ever been ill with malaria?","0, No | 1, Yes | 88, DK | 99, Refused",,,,,,"[composite] = '1'",,LV,,,,
mlasttime,premc,,radio,"C2. How long ago was the last time you (this child) had malaria ?","1,  1 day to 2 months ago |2,  2 to 6 months ago | 3,  6 to 12 months ago | 4,  12 months or more ago | 88,  DK | 99, Refused",,,,,,"[composite] = '1' and [mever_rad] = '1'",,LV,,,,
mlasttimetreat_rad,premc,,radio,"C3. The last time you (this child) had malaria, did you seek advice or treatment for malaria from any source?","0, No | 1, Yes | 88, DK | 99, Refused",,,,,,"[composite] = '1' and [mever_rad] = '1'",,LV,,,,
mlasttimetreatdays_rad,premc,,radio,"C4. How many days after the fever began did you first seek advice or treatment (for this child)?","1,  less than 24 hours | 2, 24-48 hours | 3, greater than 48 hours | 88, DK | 99, Refused",,,,,,"[composite] = '1' and [mlasttimetreat_rad] = '1'",,LV,,,,
mtest_rad,premc,,radio,"C5. Were you (Was this child) tested for malaria?","0, No | 1, Yes | 88, DK | 99, Refused",,,,,,"[composite] = '1' and [mlasttimetreat_rad] = '1'",,LV,,,,
mtestpos_rad,premc,,radio,"C6. Was the test positive?","0, No | 1, Yes | 88, DK | 99, Refused",,,,,,"[composite] = '1' and [mtest_rad] = '1'",,LV,,,,
mtestposyes_rad,premc,,radio,"C7.  How soon after the positive test did you (your child) start treatment?","0, less than 24 hours | 1, 24-48 hours | 2, greater than 48 hours | 8, DK | 9, Ref",,,,,,"[composite] = '1' and [mtest_rad] = '1' and [mtestpos_rad] = '1'",,LV,,,,
covidtested_rad,premc,,radio,"C8. Have you been tested for COVID-19 / novel coronavirus / SARS-CoV-2 by a health care provider?","0, No | 1, Yes | 88, DK | 99, Refused",,,,,,"[composite] = '1'",,LV,,,,
covidtestpos_rad,premc,,radio,"C9. Was your COVID-19 / novel coronavirus / SARS-CoV-2 test positive?","0, No | 1, Yes | 88, DK | 99, Refused",,,,,,"[composite] = '1'",,LV,,,,
temp_yn,premc,"Part D. Physical data",yesno,"D1. Was the body temperature taken?",,,,,,,"[composite] = '1'",,LV,,,,
temp,premc,,text,"<div class=""rich-text-field-label""><p>D1.1. Temperature (°F)</p></div>",,,,,,,"[composite] = '1' and [temp_yn] = '1'",,LV,,,,
weight_yn,premc,,yesno,"D2. Was the weight taken?",,,,,,,"[composite] = '1'",,LV,,,,
weight,premc,,text,"D2.1. Weight (kg)",,,,,,,"[composite] = '1' and [weight_yn] = '1'",,LV,,,,
height_yn,premc,,yesno,"D3. Was the height taken?",,,,,,,"[composite] = '1'",,LV,,,,
height,premc,,text,"D3.1. Height (cm)",,,,,,,"[composite] = '1' and [height_yn] = '1'",,LV,,,,
muarmcir_yn,premc,,yesno,"D4. Was mid upper arm circumference taken?",,,,,,,"[composite] = '1'",,LV,,,,
muarmcir,premc,,text,"D4.1. Mid upper arm circumference (cm)",,,,,,,"[composite] = '1' and [muarmcir_yn] = '1'",,LV,,,,
pregind_rad,premc,,radio,"D5. If the participant is in the fertile age range, ask if she could be pregnant, or record if she is visibly pregnant","0, No | 1, Yes |  88, DK | 99, Refused",,,,,,"[composite] = '1' and [respondentsex] = '2'",,LV,,,,
pregind_weeks,premc,,text,"D6. How many weeks pregnant?",,,,,,,"[composite] = '1' and [pregind_rad] = '1'",,LV,,,,
proxy_rad,premc,"Interviewer Notes",radio,"[Completed by interviewer] Who responded to this survey?","1, Proxy only | 2, Mostly proxy with some responses from child | 3, Half proxy and half child | 4, Mostly child with some responses from adult",,,,,,"[composite] = '1' and [age]  < 18",,LV,,,,
notes,premc,,notes,"Remarks about the interview in general, or about specific questions or answers",,,,,,,"[composite] = '1'",,LV,,,,
interviewersig,premc,,text,"Interviewer Name",,,,,,,"[composite] = '1'",,LV,,,,
interviewersigdate,premc,,text,Date,,,date_dmy,,,,"[composite] = '1'",,LV,,,,
collectorsig,premc,,text,"Sample collected by",,,,,,,"[composite] = '1'",,LV,,,,
collectorsigdate,premc,,text,Date,,,date_dmy,,,,"[composite] = '1'",,LV,,,,
