"Variable / Field Name","Form Name","Section Header","Field Type","Field Label","Choices, Calculations, OR Slider Labels","Field Note","Text Validation Type OR Show Slider Number","Text Validation Min","Text Validation Max",Identifier?,"Branching Logic (Show field only if...)","Required Field?","Custom Alignment","Question Number (surveys only)","Matrix Group Name","Matrix Ranking?","Field Annotation"
pcr_sid1,igh_surveillance_pcr,"RECORD IDENTIFIER",text,Subject,,,,,,,,,RH,,,,
pcr_sid2,igh_surveillance_pcr,,text,"Subject (plain)",,"no --1 or --2",,,,,,,,,,,
pcr_scd,igh_surveillance_pcr,"PCR INFORMATION",text,"Sample collection date",,,date_dmy,,,,,,RH,,,,
pcr_dna_source,igh_surveillance_pcr,,radio,"DNA Source","1, SV | 2, Filt | 3, Vac",,,,,,,,RH,,,,
pcr_species,igh_surveillance_pcr,,checkbox,Species,"1, Neg | 2, Pf | 3, Pv | 4, Pm | 5, Po",,,,,,,,RH,,,,
form_date,igh_surveillance_pcr,"BATCH FORM INFORMATION",text,"Batch Form completion date",,,date_dmy,,,,,,RH,,,,
pcr_page_number,igh_surveillance_pcr,,text,"Batch Form page number",,,,,,,,,RH,,,,
pcr_filled_by,igh_surveillance_pcr,,text,"Batch Form completed by",,,,,,,,,RH,,,,
pcr_deo_notes,igh_surveillance_pcr,NOTES,notes,"PCR Data Entry notes",,"DEOs: Use this box to add comments or to describe problems encountered during this data entry. Also use for FORM ID if entering old data",,,,,,,RH,,,,
